From,To,Date,Price,Scraped
BCN,ZRH,2026-08-27,£37,2025-12-08
MAD,TLL,2026-06-18,£111,2025-12-08
PAR,STO,2026-09-11,£59,2025-12-08
CPH,EDI,2026-01-02,£119,2025-12-08
VIE,CPH,2026-04-25,£69,2025-12-08
PAR,TLL,2026-07-28,£122,2025-12-08
PAR,LON,2026-06-24,£45,2025-12-08
AMS,EDI,2026-05-10,£83,2025-12-08
BER,LON,2026-07-10,£71,2025-12-08
AMS,LON,2025-12-19,£107,2025-12-08
PRG,LON,2026-06-07,£65,2025-12-08
VIE,STO,2026-08-05,£112,2025-12-08
PRG,DUB,2025-12-29,£89,2025-12-08
PRG,PAR,2026-02-26,£34,2025-12-08
AMS,LON,2026-11-04,£92,2025-12-08
BER,TLL,2026-10-18,£76,2025-12-08
PRG,LON,2025-12-27,£95,2025-12-08
CPH,BCN,2025-12-28,£180,2025-12-08
PRG,MUC,2026-07-06,£114,2025-12-08
BCN,LON,2026-04-24,£33,2025-12-08
PAR,GLA,2026-03-16,£47,2025-12-08
DUB,BCN,2026-01-21,£26,2025-12-08
DUB,BCN,2026-06-12,£75,2025-12-08
VIE,PRG,2026-10-18,£107,2025-12-08
AMS,GLA,2026-08-19,£111,2025-12-08
BER,EDI,2026-11-21,£80,2025-12-08
AMS,GLA,2026-04-18,£111,2025-12-08
AMS,TLL,2026-07-03,£137,2025-12-08
DUB,AMS,2026-09-28,£40,2025-12-08
PRG,PAR,2026-09-11,£34,2025-12-08
BCN,ZRH,2026-03-18,£31,2025-12-08
VIE,ZRH,2026-01-28,£92,2025-12-08
BCN,LON,2026-11-29,£49,2025-12-08
VIE,MUC,2026-11-21,£63,2025-12-08
BER,ZRH,2026-06-25,£62,2025-12-08
ZRH,LON,2026-05-25,£59,2025-12-08
MUC,DUB,2026-06-05,£107,2025-12-08
VIE,AMS,2026-09-20,£94,2025-12-08
PRG,TLL,2026-06-13,£103,2025-12-08
AMS,LON,2026-05-11,£86,2025-12-08
PRG,GLA,2026-01-20,£95,2025-12-08
VIE,BER,2026-11-14,£122,2025-12-08
PRG,PAR,2026-05-24,£43,2025-12-08
DUB,GLA,2025-12-18,£17,2025-12-08
VIE,AMS,2026-08-07,£96,2025-12-08
VIE,AMS,2025-12-29,£187,2025-12-08
LON,GLA,2026-06-11,£40,2025-12-08
VIE,BER,2026-10-16,£108,2025-12-08
VIE,AMS,2026-05-27,£96,2025-12-08
BCN,STO,2026-04-16,£51,2025-12-08
AMS,BCN,2026-05-11,£71,2025-12-08
LON,GLA,2026-03-26,£36,2025-12-08
PAR,AMS,2025-12-24,£61,2025-12-08
BCN,GLA,2026-05-27,£86,2025-12-08
CPH,DUB,2026-02-05,£41,2025-12-08
BER,ZRH,2026-04-11,£54,2025-12-08
VIE,ZRH,2026-08-08,£100,2025-12-08
MUC,BER,2026-08-09,£79,2025-12-08
BER,AMS,2026-08-27,£55,2025-12-08
VIE,BCN,2026-01-16,£25,2025-12-08
PRG,CPH,2026-07-08,£34,2025-12-08
CPH,BER,2026-05-30,£45,2025-12-08
PAR,DUB,2025-12-31,£24,2025-12-08
AMS,STO,2026-06-12,£82,2025-12-08
DUB,BCN,2026-11-16,£47,2025-12-08
CPH,MAD,2025-12-21,£198,2025-12-08
MAD,LON,2026-08-18,£53,2025-12-08
PAR,EDI,2026-08-10,£109,2025-12-08
CPH,AMS,2026-05-20,£40,2025-12-08
PAR,ZRH,2026-10-25,£100,2025-12-08
MUC,ZRH,2026-05-12,£84,2025-12-08
ZRH,GLA,2026-02-10,£110,2025-12-08
BCN,ZRH,2026-11-27,£82,2025-12-08
PRG,ZRH,2026-11-30,£75,2025-12-08
STO,TLL,2026-07-04,£38,2025-12-08
LON,GLA,2026-11-15,£57,2025-12-08
ZRH,EDI,2025-12-30,£155,2025-12-08
MAD,BCN,2026-10-18,£23,2025-12-08
AMS,STO,2026-08-31,£81,2025-12-08
AMS,GLA,2025-12-30,£151,2025-12-08
BER,ZRH,2026-07-15,£53,2025-12-08
CPH,STO,2026-07-07,£39,2025-12-08
BCN,GLA,2026-06-07,£128,2025-12-08
GLA,STO,2026-02-14,£183,2025-12-08
LON,STO,2026-04-11,£52,2025-12-08
DUB,AMS,2026-02-07,£37,2025-12-08
CPH,EDI,2026-10-26,£90,2025-12-08
CPH,BCN,2026-05-11,£67,2025-12-08
PAR,BCN,2026-02-27,£18,2025-12-08
PRG,STO,2026-01-19,£55,2025-12-08
MAD,LON,2026-06-25,£37,2025-12-08
PRG,ZRH,2026-05-31,£125,2025-12-08
MUC,ZRH,2026-04-11,£83,2025-12-08
MAD,STO,2026-06-04,£93,2025-12-08
BCN,LON,2026-09-17,£22,2025-12-08
PRG,BER,2026-04-27,£70,2025-12-08
PRG,PAR,2026-01-28,£51,2025-12-08
PRG,ZRH,2026-10-16,£89,2025-12-08
AMS,TLL,2026-11-20,£128,2025-12-08
CPH,GLA,2026-07-25,£104,2025-12-08
CPH,BCN,2026-09-26,£42,2025-12-08
AMS,BCN,2026-06-12,£81,2025-12-08
MUC,AMS,2026-03-15,£82,2025-12-08
STO,TLL,2026-08-09,£48,2025-12-08
AMS,BCN,2026-07-16,£130,2025-12-08
AMS,LON,2026-08-12,£90,2025-12-08
PRG,EDI,2026-06-27,£97,2025-12-08
AMS,BCN,2026-09-14,£73,2025-12-08
PRG,MAD,2026-04-16,£54,2025-12-08
CPH,BCN,2026-04-11,£42,2025-12-08
PAR,MUC,2026-03-02,£91,2025-12-08
MUC,GLA,2026-05-12,£103,2025-12-08
PAR,DUB,2026-03-07,£55,2025-12-08
CPH,GLA,2026-02-15,£93,2025-12-08
MAD,STO,2026-07-19,£123,2025-12-08
BCN,GLA,2026-11-07,£82,2025-12-08
CPH,AMS,2026-07-18,£42,2025-12-08
CPH,DUB,2026-08-15,£89,2025-12-08
PAR,MUC,2026-10-02,£87,2025-12-08
DUB,LON,2026-05-12,£24,2025-12-08
CPH,MUC,2026-07-25,£81,2025-12-08
AMS,BCN,2025-12-11,£114,2025-12-08
VIE,EDI,2026-03-17,£64,2025-12-08
BER,GLA,2026-04-26,£90,2025-12-08
PAR,LON,2026-11-29,£86,2025-12-08
VIE,EDI,2026-07-19,£120,2025-12-08
LON,GLA,2026-10-03,£31,2025-12-08
CPH,MAD,2026-10-30,£45,2025-12-08
VIE,AMS,2026-11-14,£94,2025-12-08
PRG,EDI,2026-07-23,£72,2025-12-08
PAR,BCN,2026-10-21,£35,2025-12-08
VIE,TLL,2026-01-30,£94,2025-12-08
PRG,CPH,2026-04-22,£41,2025-12-08
PAR,BCN,2026-11-24,£70,2025-12-08
BER,TLL,2026-04-18,£41,2025-12-08
VIE,MUC,2026-09-21,£63,2025-12-08
PRG,CPH,2026-03-10,£40,2025-12-08
MAD,ZRH,2026-08-26,£53,2025-12-08
DUB,STO,2026-10-19,£43,2025-12-08
BER,LON,2025-12-22,£119,2025-12-08
LON,TLL,2026-03-10,£28,2025-12-08
AMS,ZRH,2026-04-18,£118,2025-12-08
VIE,PAR,2026-11-08,£88,2025-12-08
CPH,TLL,2026-08-11,£40,2025-12-08
CPH,LON,2026-05-09,£34,2025-12-08
LON,TLL,2026-07-31,£151,2025-12-08
PAR,EDI,2026-02-28,£26,2025-12-08
VIE,PAR,2026-09-21,£51,2025-12-08
CPH,LON,2026-07-30,£34,2025-12-08
PRG,MUC,2026-05-28,£58,2025-12-08
MAD,LON,2026-10-24,£27,2025-12-08
BCN,STO,2026-06-24,£31,2025-12-08
LON,EDI,2025-12-12,£80,2025-12-08
MUC,TLL,2026-07-14,£104,2025-12-08
VIE,GLA,2026-03-17,£79,2025-12-08
EDI,GLA,2026-09-24,£83,2025-12-08
PAR,AMS,2026-02-23,£54,2025-12-08
CPH,EDI,2026-04-19,£58,2025-12-08
MUC,STO,2026-01-14,£98,2025-12-08
DUB,LON,2026-07-31,£45,2025-12-08
ZRH,EDI,2026-05-22,£149,2025-12-08
ZRH,GLA,2026-04-24,£90,2025-12-08
ZRH,LON,2026-11-20,£59,2025-12-08
BER,STO,2026-03-17,£57,2025-12-08
BCN,TLL,2026-04-22,£110,2025-12-08
LON,STO,2026-05-04,£86,2025-12-08
CPH,ZRH,2026-07-25,£97,2025-12-08
CPH,DUB,2025-12-28,£74,2025-12-08
CPH,AMS,2026-02-24,£39,2025-12-08
PAR,TLL,2026-11-20,£108,2025-12-08
VIE,DUB,2026-10-27,£107,2025-12-08
MAD,EDI,2026-10-12,£87,2025-12-08
AMS,GLA,2026-10-08,£91,2025-12-08
PAR,AMS,2026-04-02,£54,2025-12-08
DUB,BCN,2026-05-09,£87,2025-12-08
BCN,ZRH,2026-10-17,£74,2025-12-08
BER,STO,2026-07-17,£55,2025-12-08
PRG,MUC,2026-04-04,£113,2025-12-08
PAR,EDI,2026-07-28,£60,2025-12-08
AMS,ZRH,2026-02-05,£106,2025-12-08
BER,TLL,2026-01-05,£23,2025-12-08
BER,AMS,2026-04-29,£55,2025-12-08
VIE,STO,2025-12-22,£88,2025-12-08
MAD,TLL,2026-09-19,£106,2025-12-08
DUB,AMS,2026-07-12,£44,2025-12-08
VIE,PRG,2026-06-02,£73,2025-12-08
PRG,EDI,2026-02-01,£46,2025-12-08
AMS,LON,2026-07-26,£90,2025-12-08
PRG,STO,2026-11-07,£76,2025-12-08
VIE,MAD,2026-09-23,£71,2025-12-08
MAD,BCN,2026-07-19,£25,2025-12-08
CPH,GLA,2026-09-07,£90,2025-12-08
MUC,ZRH,2026-11-12,£131,2025-12-08
LON,GLA,2026-09-20,£61,2025-12-08
VIE,DUB,2026-06-26,£59,2025-12-08
ZRH,EDI,2026-02-08,£67,2025-12-08
MAD,EDI,2026-04-03,£58,2025-12-08
PAR,BER,2026-10-14,£49,2025-12-08
VIE,PRG,2026-05-17,£105,2025-12-08
AMS,BCN,2026-10-21,£46,2025-12-08
AMS,GLA,2026-01-18,£113,2025-12-08
PRG,EDI,2026-08-16,£96,2025-12-08
CPH,MUC,2026-06-02,£40,2025-12-08
PRG,LON,2026-07-25,£32,2025-12-08
VIE,LON,2026-10-02,£55,2025-12-08
PAR,STO,2026-11-07,£117,2025-12-08
MAD,GLA,2026-09-05,£96,2025-12-08
PRG,STO,2026-05-25,£47,2025-12-08
VIE,ZRH,2026-04-17,£90,2025-12-08
MAD,GLA,2026-10-10,£73,2025-12-08
DUB,LON,2026-10-03,£38,2025-12-08
CPH,TLL,2026-04-29,£40,2025-12-08
PRG,ZRH,2026-04-11,£89,2025-12-08
AMS,TLL,2026-09-15,£126,2025-12-08
BER,EDI,2026-06-07,£58,2025-12-08
PRG,GLA,2026-05-15,£94,2025-12-08
DUB,TLL,2026-02-20,£63,2025-12-08
GLA,TLL,2026-02-10,£81,2025-12-08
STO,TLL,2026-02-09,£18,2025-12-08
VIE,BCN,2026-07-12,£74,2025-12-08
MAD,STO,2026-02-11,£65,2025-12-08
VIE,PAR,2026-04-27,£52,2025-12-08
MAD,ZRH,2026-04-26,£89,2025-12-08
LON,STO,2026-06-27,£72,2025-12-08
PRG,GLA,2026-11-26,£86,2025-12-08
CPH,MUC,2026-11-04,£80,2025-12-08
EDI,TLL,2026-02-09,£55,2025-12-08
MUC,GLA,2026-11-14,£95,2025-12-08
PRG,BCN,2026-09-28,£41,2025-12-08
MAD,STO,2026-10-04,£92,2025-12-08
PAR,MAD,2026-10-05,£55,2025-12-08
AMS,TLL,2026-02-28,£176,2025-12-08
VIE,MAD,2026-02-25,£33,2025-12-08
BCN,ZRH,2026-09-20,£49,2025-12-08
VIE,MUC,2025-12-25,£182,2025-12-08
PRG,TLL,2026-04-24,£69,2025-12-08
PRG,LON,2026-08-18,£60,2025-12-08
CPH,ZRH,2026-08-25,£90,2025-12-08
PRG,BCN,2026-03-31,£63,2025-12-08
PAR,STO,2026-02-26,£62,2025-12-08
EDI,GLA,2026-06-15,£58,2025-12-08
ZRH,TLL,2026-11-21,£108,2025-12-08
PAR,BCN,2025-12-20,£64,2025-12-08
VIE,BCN,2026-04-21,£35,2025-12-08
PRG,GLA,2025-12-14,£40,2025-12-08
BER,BCN,2026-03-28,£78,2025-12-08
ZRH,EDI,2026-03-04,£50,2025-12-08
PRG,ZRH,2026-02-12,£82,2025-12-08
VIE,BCN,2026-08-08,£82,2025-12-08
CPH,MAD,2026-08-11,£78,2025-12-08
VIE,PRG,2026-07-06,£108,2025-12-08
PRG,CPH,2026-09-04,£47,2025-12-08
BCN,GLA,2026-03-27,£74,2025-12-08
CPH,AMS,2026-03-29,£60,2025-12-08
ZRH,LON,2026-09-27,£98,2025-12-08
LON,EDI,2026-08-19,£28,2025-12-08
BCN,GLA,2026-02-20,£75,2025-12-08
PRG,AMS,2026-01-14,£73,2025-12-08
ZRH,TLL,2026-03-13,£109,2025-12-08
CPH,BCN,2026-06-11,£106,2025-12-08
PAR,BER,2026-11-03,£88,2025-12-08
MUC,DUB,2026-02-14,£98,2025-12-08
DUB,ZRH,2026-09-03,£72,2025-12-08
MUC,DUB,2026-11-08,£92,2025-12-08
VIE,GLA,2026-10-28,£107,2025-12-08
VIE,EDI,2026-08-13,£100,2025-12-08
PAR,BCN,2026-01-14,£41,2025-12-08
PRG,AMS,2026-11-10,£71,2025-12-08
AMS,TLL,2025-12-27,£235,2025-12-08
PRG,EDI,2026-03-18,£52,2025-12-08
PAR,BER,2026-06-13,£55,2025-12-08
PAR,GLA,2026-11-20,£84,2025-12-08
DUB,GLA,2026-10-24,£42,2025-12-08
PAR,TLL,2026-02-14,£88,2025-12-08
DUB,TLL,2026-01-23,£53,2025-12-08
PRG,BER,2025-12-09,£161,2025-12-08
PAR,BER,2026-03-22,£42,2025-12-08
CPH,STO,2025-12-14,£50,2025-12-08
BCN,LON,2026-07-28,£28,2025-12-08
PRG,PAR,2025-12-10,£51,2025-12-08
PAR,GLA,2026-07-08,£90,2025-12-08
BER,MAD,2025-12-16,£110,2025-12-08
DUB,EDI,2026-09-12,£44,2025-12-08
BER,AMS,2026-10-31,£61,2025-12-08
BER,STO,2025-12-28,£67,2025-12-08
DUB,MAD,2026-10-15,£55,2025-12-08
BER,GLA,2026-09-05,£90,2025-12-08
PRG,ZRH,2025-12-23,£101,2025-12-08
PRG,MAD,2026-11-04,£49,2025-12-08
AMS,STO,2026-05-21,£90,2025-12-08
CPH,PAR,2026-05-28,£57,2025-12-08
MUC,BCN,2026-05-31,£65,2025-12-08
BER,TLL,2026-06-24,£60,2025-12-08
PRG,AMS,2026-02-03,£73,2025-12-08
PAR,GLA,2026-04-14,£93,2025-12-08
CPH,DUB,2026-06-17,£46,2025-12-08
PAR,AMS,2026-06-08,£46,2025-12-08
CPH,EDI,2026-03-31,£63,2025-12-08
MAD,LON,2025-12-12,£25,2025-12-08
MAD,EDI,2026-11-25,£70,2025-12-08
PRG,AMS,2026-05-18,£74,2025-12-08
PRG,PAR,2026-07-18,£43,2025-12-08
PAR,MAD,2026-09-09,£36,2025-12-08
BER,DUB,2026-02-23,£34,2025-12-08
AMS,STO,2026-03-08,£91,2025-12-08
PAR,BCN,2026-06-25,£53,2025-12-08
EDI,GLA,2026-04-26,£113,2025-12-08
VIE,PAR,2026-07-18,£59,2025-12-08
MAD,STO,2026-09-12,£54,2025-12-08
MAD,EDI,2026-07-02,£63,2025-12-08
PAR,AMS,2026-08-02,£76,2025-12-08
PRG,BCN,2025-12-19,£75,2025-12-08
DUB,AMS,2025-12-29,£70,2025-12-08
MAD,STO,2026-03-17,£79,2025-12-08
EDI,TLL,2025-12-12,£359,2025-12-08
MUC,AMS,2026-05-30,£79,2025-12-08
ZRH,EDI,2026-01-11,£93,2025-12-08
BER,LON,2026-04-26,£51,2025-12-08
VIE,MUC,2026-07-20,£64,2025-12-08
PRG,EDI,2025-12-09,£130,2025-12-08
VIE,LON,2026-09-05,£55,2025-12-08
AMS,STO,2025-12-31,£138,2025-12-08
DUB,STO,2026-11-18,£39,2025-12-08
MUC,MAD,2026-03-11,£83,2025-12-08
MAD,BCN,2026-08-21,£45,2025-12-08
PRG,DUB,2026-08-06,£89,2025-12-08
BER,GLA,2026-06-23,£114,2025-12-08
MUC,MAD,2026-01-03,£158,2025-12-08
MAD,BCN,2026-11-16,£39,2025-12-08
CPH,PAR,2026-08-19,£60,2025-12-08
MAD,LON,2026-07-26,£44,2025-12-08
DUB,BCN,2026-10-01,£70,2025-12-08
STO,TLL,2026-06-03,£26,2025-12-08
CPH,LON,2026-04-19,£35,2025-12-08
MAD,ZRH,2026-06-04,£47,2025-12-08
CPH,GLA,2026-11-20,£92,2025-12-08
VIE,DUB,2026-09-11,£87,2025-12-08
MUC,STO,2025-12-30,£179,2025-12-08
VIE,DUB,2026-11-21,£49,2025-12-08
BCN,STO,2026-09-22,£65,2025-12-08
MAD,BCN,2026-04-06,£96,2025-12-08
MAD,STO,2026-08-26,£86,2025-12-08
MAD,TLL,2026-08-04,£123,2025-12-08
PAR,TLL,2026-10-29,£88,2025-12-08
DUB,GLA,2026-07-20,£31,2025-12-08
PAR,EDI,2026-09-15,£34,2025-12-08
PRG,LON,2026-11-06,£19,2025-12-08
PRG,BCN,2026-02-10,£38,2025-12-08
LON,STO,2026-08-05,£69,2025-12-08
AMS,BCN,2026-04-25,£109,2025-12-08
PAR,AMS,2026-11-08,£50,2025-12-08
PRG,STO,2026-07-21,£101,2025-12-08
PRG,CPH,2026-10-10,£35,2025-12-08
PAR,DUB,2026-06-16,£39,2025-12-08
VIE,LON,2026-11-09,£47,2025-12-08
BCN,TLL,2026-08-18,£99,2025-12-08
PRG,DUB,2026-07-11,£85,2025-12-08
MUC,BCN,2026-09-04,£78,2025-12-08
ZRH,GLA,2026-01-21,£107,2025-12-08
PRG,MUC,2026-03-07,£127,2025-12-08
PRG,EDI,2026-05-22,£80,2025-12-08
BER,GLA,2026-11-05,£87,2025-12-08
AMS,LON,2026-09-11,£90,2025-12-08
MUC,AMS,2026-04-09,£82,2025-12-08
BER,EDI,2026-04-22,£64,2025-12-08
MAD,STO,2025-12-22,£107,2025-12-08
PRG,TLL,2026-09-25,£64,2025-12-08
STO,TLL,2026-05-22,£34,2025-12-08
BCN,GLA,2026-10-29,£88,2025-12-08
CPH,GLA,2026-03-21,£70,2025-12-08
MAD,GLA,2026-11-05,£73,2025-12-08
BCN,LON,2026-06-17,£36,2025-12-08
CPH,DUB,2026-10-12,£52,2025-12-08
MAD,GLA,2026-06-09,£109,2025-12-08
DUB,BCN,2026-08-02,£49,2025-12-08
CPH,TLL,2026-07-05,£51,2025-12-08
DUB,BCN,2026-07-10,£49,2025-12-08
DUB,MAD,2026-03-21,£82,2025-12-08
ZRH,EDI,2026-11-25,£82,2025-12-08
DUB,LON,2026-11-11,£27,2025-12-08
VIE,MAD,2026-05-30,£71,2025-12-08
PAR,EDI,2026-01-22,£64,2025-12-08
CPH,DUB,2026-07-18,£95,2025-12-08
BER,ZRH,2026-02-16,£44,2025-12-08
MUC,LON,2026-07-21,£60,2025-12-08
BER,EDI,2026-08-13,£87,2025-12-08
VIE,PRG,2026-11-26,£105,2025-12-08
PRG,BCN,2026-01-02,£160,2025-12-08
EDI,GLA,2026-02-14,£5,2025-12-08
CPH,DUB,2026-09-13,£48,2025-12-08
BER,BCN,2026-06-01,£38,2025-12-08
LON,GLA,2026-07-08,£45,2025-12-08
PRG,BCN,2026-08-09,£64,2025-12-08
PRG,EDI,2026-01-12,£76,2025-12-08
AMS,EDI,2026-02-04,£64,2025-12-08
PRG,DUB,2026-01-30,£31,2025-12-08
BCN,TLL,2026-01-16,£92,2025-12-08
VIE,CPH,2026-06-24,£68,2025-12-08
BCN,GLA,2026-09-08,£96,2025-12-08
DUB,AMS,2026-11-26,£50,2025-12-08
PAR,AMS,2026-03-28,£54,2025-12-08
VIE,MUC,2026-04-15,£92,2025-12-08
VIE,STO,2026-04-02,£90,2025-12-08
CPH,BER,2026-10-01,£35,2025-12-08
PRG,MUC,2026-02-06,£111,2025-12-08
AMS,ZRH,2026-09-23,£119,2025-12-08
VIE,GLA,2026-09-27,£107,2025-12-08
CPH,STO,2026-03-05,£40,2025-12-08
CPH,PAR,2026-10-11,£49,2025-12-08
MAD,GLA,2026-04-15,£83,2025-12-08
AMS,BCN,2026-03-15,£76,2025-12-08
CPH,STO,2026-11-03,£47,2025-12-08
AMS,LON,2026-03-14,£62,2025-12-08
LON,EDI,2026-06-29,£40,2025-12-08
PRG,GLA,2026-04-09,£62,2025-12-08
ZRH,GLA,2026-06-05,£93,2025-12-08
MUC,DUB,2026-03-06,£105,2025-12-08
AMS,MAD,2026-11-06,£94,2025-12-08
PRG,AMS,2026-06-26,£60,2025-12-08
BER,AMS,2026-07-14,£62,2025-12-08
MAD,TLL,2026-07-20,£144,2025-12-08
ZRH,STO,2026-10-29,£94,2025-12-08
MUC,BCN,2026-10-27,£90,2025-12-08
PRG,STO,2026-02-25,£69,2025-12-08
CPH,MUC,2026-08-16,£72,2025-12-08
DUB,LON,2026-03-17,£23,2025-12-08
CPH,PAR,2026-03-26,£66,2025-12-08
CPH,MUC,2025-12-19,£168,2025-12-08
MUC,MAD,2026-11-19,£94,2025-12-08
BER,TLL,2026-02-17,£92,2025-12-08
BCN,EDI,2026-03-29,£58,2025-12-08
MUC,AMS,2026-09-14,£79,2025-12-08
MAD,ZRH,2026-05-29,£53,2025-12-08
DUB,EDI,2026-01-29,£19,2025-12-08
VIE,GLA,2026-02-27,£51,2025-12-08
CPH,EDI,2026-07-19,£52,2025-12-08
MUC,LON,2026-10-10,£64,2025-12-08
MUC,BCN,2026-02-15,£75,2025-12-08
DUB,TLL,2026-04-07,£100,2025-12-08
PRG,DUB,2026-04-22,£47,2025-12-08
MAD,EDI,2026-02-22,£40,2025-12-08
MUC,GLA,2026-06-03,£103,2025-12-08
VIE,ZRH,2025-12-30,£179,2025-12-08
DUB,AMS,2026-05-27,£37,2025-12-08
PRG,MAD,2025-12-28,£215,2025-12-08
BER,EDI,2025-12-30,£134,2025-12-08
VIE,TLL,2026-11-11,£96,2025-12-08
PAR,LON,2026-04-02,£48,2025-12-08
MUC,ZRH,2026-10-11,£123,2025-12-08
MUC,ZRH,2026-07-19,£111,2025-12-08
ZRH,LON,2026-03-26,£37,2025-12-08
LON,TLL,2026-01-22,£22,2025-12-08
MUC,BER,2026-06-10,£75,2025-12-08
PRG,STO,2026-03-27,£47,2025-12-08
CPH,MUC,2026-04-16,£88,2025-12-08
LON,TLL,2026-11-14,£50,2025-12-08
BER,AMS,2026-02-21,£62,2025-12-08
MUC,MAD,2026-04-01,£153,2025-12-08
DUB,LON,2026-09-12,£37,2025-12-08
MUC,EDI,2026-10-15,£117,2025-12-08
MUC,TLL,2026-11-06,£124,2025-12-08
MUC,EDI,2026-03-20,£99,2025-12-08
GLA,STO,2026-08-21,£116,2025-12-08
VIE,GLA,2026-06-27,£118,2025-12-08
VIE,GLA,2026-01-04,£213,2025-12-08
GLA,TLL,2026-06-20,£159,2025-12-08
DUB,LON,2026-02-12,£17,2025-12-08
CPH,BCN,2026-11-27,£80,2025-12-08
PRG,PAR,2026-11-20,£69,2025-12-08
BCN,STO,2026-07-13,£107,2025-12-08
PAR,MAD,2026-03-22,£56,2025-12-08
DUB,ZRH,2026-01-21,£63,2025-12-08
BCN,EDI,2026-11-22,£45,2025-12-08
VIE,TLL,2026-07-26,£89,2025-12-08
PRG,TLL,2026-01-14,£87,2025-12-08
PAR,STO,2026-03-07,£32,2025-12-08
VIE,CPH,2026-10-02,£55,2025-12-08
VIE,ZRH,2026-02-05,£92,2025-12-08
VIE,CPH,2026-11-01,£93,2025-12-08
MAD,TLL,2026-03-22,£107,2025-12-08
MAD,BCN,2026-09-09,£43,2025-12-08
PAR,MUC,2026-04-29,£87,2025-12-08
PRG,AMS,2026-04-13,£55,2025-12-08
MAD,GLA,2026-01-05,£257,2025-12-08
VIE,TLL,2026-06-04,£144,2025-12-08
VIE,GLA,2026-05-18,£120,2025-12-08
PRG,LON,2026-02-05,£20,2025-12-08
EDI,GLA,2026-08-16,£85,2025-12-08
DUB,STO,2026-05-19,£75,2025-12-08
AMS,TLL,2026-05-10,£199,2025-12-08
PAR,LON,2026-02-20,£44,2025-12-08
PAR,AMS,2026-05-20,£47,2025-12-08
PRG,PAR,2026-04-27,£54,2025-12-08
PAR,EDI,2026-05-23,£35,2025-12-08
MUC,LON,2025-12-26,£152,2025-12-08
MUC,LON,2026-04-19,£60,2025-12-08
CPH,GLA,2026-01-15,£71,2025-12-08
CPH,EDI,2026-02-09,£19,2025-12-08
ZRH,STO,2026-08-29,£103,2025-12-08
PAR,STO,2025-12-22,£69,2025-12-08
BER,AMS,2026-01-16,£61,2025-12-08
MUC,TLL,2026-10-27,£106,2025-12-08
BER,TLL,2026-11-30,£86,2025-12-08
BCN,STO,2026-03-17,£39,2025-12-08
CPH,BCN,2026-01-07,£43,2025-12-08
DUB,TLL,2026-05-18,£87,2025-12-08
BER,MAD,2026-06-11,£107,2025-12-08
CPH,EDI,2025-12-19,£118,2025-12-08
VIE,PAR,2026-05-19,£55,2025-12-08
VIE,BCN,2026-10-08,£48,2025-12-09
PRG,STO,2026-08-23,£72,2025-12-09
VIE,TLL,2026-10-03,£98,2025-12-09
PRG,TLL,2026-07-19,£69,2025-12-09
PRG,PAR,2026-06-25,£43,2025-12-09
VIE,DUB,2026-02-12,£41,2025-12-09
PRG,DUB,2026-03-29,£122,2025-12-09
PAR,MAD,2026-01-28,£34,2025-12-09
VIE,GLA,2026-11-12,£99,2025-12-09
VIE,BER,2026-07-03,£108,2025-12-09
DUB,GLA,2026-01-19,£17,2025-12-09
DUB,MAD,2026-04-13,£49,2025-12-09
CPH,MAD,2026-03-23,£59,2025-12-09
PRG,LON,2026-05-06,£48,2025-12-09
CPH,BCN,2026-07-23,£49,2025-12-09
ZRH,TLL,2025-12-26,£189,2025-12-09
CPH,GLA,2026-05-12,£96,2025-12-09
PAR,EDI,2026-04-02,£52,2025-12-09
AMS,EDI,2026-04-18,£97,2025-12-09
PRG,STO,2026-04-11,£77,2025-12-09
VIE,DUB,2026-07-05,£107,2025-12-09
BCN,EDI,2026-08-24,£70,2025-12-09
PAR,BCN,2026-08-21,£35,2025-12-09
LON,EDI,2026-11-12,£24,2025-12-09
PRG,MAD,2026-01-27,£82,2025-12-09
BER,EDI,2026-01-01,£84,2025-12-09
VIE,ZRH,2026-03-24,£63,2025-12-09
DUB,EDI,2026-04-05,£37,2025-12-09
PAR,MUC,2026-02-03,£91,2025-12-09
CPH,MAD,2026-06-14,£120,2025-12-09
MAD,LON,2026-03-25,£28,2025-12-09
PRG,ZRH,2026-09-19,£84,2025-12-09
AMS,GLA,2026-09-13,£110,2025-12-09
MAD,GLA,2026-07-26,£93,2025-12-09
BER,BCN,2025-12-30,£147,2025-12-09
PAR,ZRH,2026-03-12,£85,2025-12-09
BER,STO,2026-09-09,£34,2025-12-09
VIE,TLL,2025-12-18,£135,2025-12-09
VIE,DUB,2026-03-18,£45,2025-12-09
BER,AMS,2026-05-11,£60,2025-12-09
PRG,ZRH,2026-08-05,£90,2025-12-09
ZRH,GLA,2026-03-01,£85,2025-12-09
VIE,STO,2026-11-04,£67,2025-12-09
EDI,TLL,2026-11-26,£188,2025-12-09
PRG,CPH,2026-11-29,£100,2025-12-09
MUC,AMS,2026-07-19,£82,2025-12-09
BCN,STO,2026-08-07,£136,2025-12-09
PAR,BCN,2026-09-15,£36,2025-12-09
AMS,TLL,2026-04-21,£120,2025-12-09
AMS,STO,2026-07-14,£112,2025-12-09
AMS,STO,2026-09-15,£81,2025-12-09
MAD,ZRH,2026-07-01,£43,2025-12-09
EDI,STO,2026-10-02,£109,2025-12-09
CPH,BER,2026-02-27,£44,2025-12-09
ZRH,STO,2025-12-19,£201,2025-12-09
CPH,ZRH,2026-10-05,£98,2025-12-09
PAR,BER,2026-09-10,£39,2025-12-09
ZRH,TLL,2026-05-07,£102,2025-12-09
CPH,LON,2026-08-26,£53,2025-12-09
VIE,BER,2025-12-16,£113,2025-12-09
PAR,ZRH,2026-05-23,£85,2025-12-09
BER,AMS,2026-09-15,£55,2025-12-09
VIE,BCN,2026-09-14,£84,2025-12-09
PAR,BCN,2026-03-28,£32,2025-12-09
CPH,BCN,2026-08-04,£37,2025-12-09
VIE,BER,2026-08-31,£88,2025-12-09
PAR,LON,2026-03-12,£31,2025-12-09
BER,LON,2026-08-24,£60,2025-12-09
DUB,TLL,2026-08-12,£94,2025-12-09
BER,LON,2026-02-27,£21,2025-12-09
VIE,BCN,2026-06-10,£47,2025-12-09
AMS,EDI,2026-01-31,£63,2025-12-09
BER,AMS,2026-11-22,£61,2025-12-09
DUB,GLA,2026-11-11,£25,2025-12-09
DUB,AMS,2026-04-26,£44,2025-12-09
MUC,STO,2026-04-25,£105,2025-12-09
VIE,LON,2026-08-26,£70,2025-12-09
MAD,EDI,2026-06-10,£67,2025-12-09
MUC,ZRH,2026-09-18,£118,2025-12-09
VIE,PRG,2026-04-20,£105,2025-12-09
VIE,STO,2026-05-18,£83,2025-12-09
MAD,ZRH,2025-12-09,£111,2025-12-09
PAR,ZRH,2026-02-27,£86,2025-12-09
VIE,PAR,2026-03-01,£36,2025-12-09
PRG,CPH,2025-12-15,£48,2025-12-09
BER,EDI,2026-05-04,£61,2025-12-09
BER,MAD,2026-07-11,£148,2025-12-09
BCN,TLL,2026-10-15,£97,2025-12-09
LON,GLA,2026-01-27,£27,2025-12-09
MAD,STO,2026-01-16,£100,2025-12-09
CPH,BER,2026-11-18,£53,2025-12-09
MAD,TLL,2026-01-23,£104,2025-12-09
AMS,GLA,2026-07-10,£95,2025-12-09
DUB,GLA,2026-04-11,£29,2025-12-09
MAD,STO,2026-11-28,£66,2025-12-09
PAR,TLL,2026-06-21,£94,2025-12-09
PRG,BER,2026-03-15,£68,2025-12-09
VIE,PAR,2025-12-13,£59,2025-12-09
MUC,EDI,2026-09-09,£64,2025-12-09
MUC,LON,2026-11-05,£120,2025-12-09
PRG,MAD,2026-07-16,£68,2025-12-09
MUC,EDI,2026-06-21,£128,2025-12-09
BER,DUB,2026-01-28,£18,2025-12-09
PRG,MAD,2026-06-17,£79,2025-12-09
PRG,BER,2026-10-17,£94,2025-12-09
MAD,GLA,2026-02-22,£89,2025-12-09
VIE,TLL,2026-03-22,£91,2025-12-09
AMS,MAD,2026-09-17,£94,2025-12-09
CPH,EDI,2026-05-21,£34,2025-12-09
PAR,EDI,2026-11-22,£88,2025-12-09
DUB,ZRH,2026-07-07,£75,2025-12-09
BER,TLL,2026-08-06,£86,2025-12-09
BCN,EDI,2025-12-22,£76,2025-12-09
BCN,GLA,2026-01-15,£67,2025-12-09
BER,GLA,2026-08-21,£62,2025-12-09
PRG,MAD,2026-05-11,£50,2025-12-09
AMS,LON,2026-10-22,£93,2025-12-09
VIE,MAD,2026-10-15,£71,2025-12-09
MUC,STO,2026-03-15,£91,2025-12-09
LON,GLA,2025-12-15,£51,2025-12-09
AMS,EDI,2026-06-30,£95,2025-12-09
PAR,BER,2026-08-24,£49,2025-12-09
AMS,MAD,2026-07-16,£138,2025-12-09
MUC,LON,2026-09-12,£69,2025-12-09
VIE,LON,2026-02-10,£23,2025-12-09
GLA,STO,2026-03-28,£85,2025-12-09
PRG,BCN,2026-10-19,£38,2025-12-09
PRG,GLA,2026-09-22,£87,2025-12-09
MAD,ZRH,2026-02-12,£43,2025-12-09
CPH,AMS,2026-09-22,£40,2025-12-09
BER,LON,2026-03-08,£46,2025-12-09
MAD,ZRH,2026-01-13,£54,2025-12-09
VIE,PRG,2026-08-04,£108,2025-12-09
MUC,EDI,2025-12-14,£95,2025-12-09
CPH,EDI,2026-09-19,£40,2025-12-09
PAR,AMS,2026-09-25,£50,2025-12-09
MAD,EDI,2026-08-29,£73,2025-12-09
PAR,AMS,2026-01-31,£50,2025-12-09
CPH,LON,2025-12-23,£78,2025-12-09
BER,MAD,2026-09-08,£118,2025-12-09
BCN,ZRH,2026-07-05,£49,2025-12-09
CPH,EDI,2026-08-12,£59,2025-12-09
BER,ZRH,2026-08-25,£62,2025-12-09
PAR,AMS,2026-07-28,£50,2025-12-09
DUB,AMS,2026-06-03,£41,2025-12-09
PAR,MAD,2026-11-03,£55,2025-12-09
VIE,GLA,2026-07-18,£132,2025-12-09
LON,STO,2026-09-21,£50,2025-12-09
PRG,EDI,2026-10-26,£98,2025-12-09
PRG,STO,2026-09-10,£43,2025-12-09
MUC,STO,2026-09-06,£108,2025-12-09
MUC,EDI,2026-04-06,£61,2025-12-09
DUB,MAD,2026-02-15,£24,2025-12-09
ZRH,STO,2026-06-17,£139,2025-12-09
MUC,BCN,2025-12-22,£99,2025-12-09
ZRH,TLL,2026-07-05,£144,2025-12-09
MUC,EDI,2026-05-12,£134,2025-12-09
STO,TLL,2025-12-11,£82,2025-12-09
BCN,LON,2026-10-05,£21,2025-12-09
BER,GLA,2026-10-27,£89,2025-12-09
ZRH,TLL,2026-06-29,£108,2025-12-09
CPH,MAD,2026-11-28,£45,2025-12-09
VIE,DUB,2026-05-20,£45,2025-12-09
PRG,TLL,2026-11-07,£99,2025-12-09
VIE,EDI,2025-12-22,£36,2025-12-09
DUB,LON,2026-01-02,£47,2025-12-09
AMS,ZRH,2026-06-01,£119,2025-12-09
ZRH,STO,2026-11-03,£85,2025-12-09
AMS,ZRH,2026-05-05,£113,2025-12-09
MUC,EDI,2026-11-21,£98,2025-12-09
VIE,EDI,2026-09-26,£78,2025-12-09
PAR,MUC,2026-09-05,£87,2025-12-09
EDI,STO,2026-11-04,£100,2025-12-09
MAD,LON,2026-04-29,£50,2025-12-09
MUC,GLA,2026-03-30,£96,2025-12-09
PRG,GLA,2026-07-11,£111,2025-12-09
MAD,STO,2026-04-28,£83,2025-12-09
PAR,EDI,2026-10-07,£53,2025-12-09
BER,LON,2026-06-23,£50,2025-12-09
MUC,TLL,2026-08-29,£99,2025-12-09
BER,DUB,2026-11-11,£43,2025-12-09
BCN,LON,2026-01-14,£22,2025-12-09
BER,STO,2026-01-19,£59,2025-12-09
BER,STO,2026-11-03,£57,2025-12-09
EDI,STO,2026-06-06,£115,2025-12-09
LON,STO,2025-12-12,£97,2025-12-09
DUB,STO,2026-03-22,£44,2025-12-09
CPH,BER,2026-06-14,£36,2025-12-09
BER,GLA,2026-03-25,£88,2025-12-09
BCN,LON,2026-05-16,£21,2025-12-09
PAR,BER,2026-07-10,£79,2025-12-09
BER,MAD,2026-10-26,£88,2025-12-09
PRG,AMS,2026-03-05,£38,2025-12-09
AMS,MAD,2026-08-15,£90,2025-12-09
BCN,EDI,2026-06-26,£83,2025-12-09
BER,EDI,2026-07-24,£90,2025-12-09
CPH,STO,2026-02-02,£33,2025-12-09
MUC,GLA,2026-04-23,£103,2025-12-09
LON,TLL,2026-05-20,£53,2025-12-09
CPH,MAD,2026-01-12,£23,2025-12-09
PAR,TLL,2025-12-17,£154,2025-12-09
VIE,TLL,2026-04-17,£115,2025-12-09
PAR,BER,2026-05-13,£59,2025-12-09
LON,STO,2026-10-25,£34,2025-12-09
DUB,MAD,2026-07-08,£64,2025-12-09
DUB,GLA,2026-09-25,£30,2025-12-09
MUC,BER,2026-02-17,£78,2025-12-09
BER,GLA,2026-07-26,£90,2025-12-09
CPH,AMS,2026-10-24,£67,2025-12-09
PRG,ZRH,2026-03-26,£84,2025-12-09
PRG,GLA,2026-08-12,£94,2025-12-09
VIE,AMS,2026-03-21,£94,2025-12-09
MAD,TLL,2026-04-12,£124,2025-12-09
VIE,CPH,2026-03-12,£48,2025-12-09
DUB,GLA,2026-08-07,£30,2025-12-09
CPH,LON,2026-10-26,£40,2025-12-09
PRG,DUB,2026-05-12,£50,2025-12-09
VIE,LON,2026-04-27,£55,2025-12-09
ZRH,LON,2026-06-23,£59,2025-12-09
MUC,BER,2026-09-20,£79,2025-12-09
ZRH,EDI,2026-06-05,£90,2025-12-09
EDI,GLA,2026-01-22,£5,2025-12-09
EDI,TLL,2026-06-20,£117,2025-12-09
ZRH,LON,2026-02-28,£27,2025-12-09
CPH,LON,2026-06-19,£60,2025-12-09
MAD,LON,2026-05-15,£40,2025-12-09
DUB,TLL,2026-10-13,£73,2025-12-09
BER,ZRH,2026-09-29,£50,2025-12-09
PAR,DUB,2026-02-12,£26,2025-12-09
MAD,LON,2026-09-28,£32,2025-12-09
PAR,LON,2026-05-11,£45,2025-12-09
PAR,ZRH,2026-08-08,£116,2025-12-09
VIE,EDI,2026-10-13,£56,2025-12-09
GLA,STO,2026-06-30,£120,2025-12-09
MUC,GLA,2026-07-10,£122,2025-12-09
PRG,MUC,2026-06-28,£114,2025-12-09
MUC,TLL,2026-03-23,£87,2025-12-09
CPH,PAR,2025-12-29,£165,2025-12-09
CPH,TLL,2026-01-01,£63,2025-12-09
AMS,MAD,2026-01-12,£63,2025-12-09
PRG,MAD,2026-03-08,£78,2025-12-09
PRG,MAD,2026-09-18,£79,2025-12-09
CPH,LON,2026-02-24,£38,2025-12-09
MUC,BER,2026-10-27,£72,2025-12-09
PAR,MAD,2026-04-11,£55,2025-12-09
LON,TLL,2026-10-03,£81,2025-12-09
ZRH,GLA,2026-10-12,£89,2025-12-09
LON,STO,2026-07-12,£84,2025-12-09
MUC,DUB,2026-01-26,£86,2025-12-09
BER,EDI,2026-10-03,£71,2025-12-09
MUC,LON,2026-03-05,£51,2025-12-09
CPH,MUC,2026-01-10,£99,2025-12-09
PAR,EDI,2026-03-25,£51,2025-12-09
MUC,BER,2026-11-21,£74,2025-12-09
MAD,TLL,2026-05-27,£144,2025-12-09
CPH,STO,2026-09-25,£32,2025-12-09
CPH,BER,2026-07-14,£35,2025-12-09
CPH,PAR,2026-01-14,£51,2025-12-09
AMS,MAD,2026-05-12,£90,2025-12-09
MUC,LON,2026-06-28,£66,2025-12-09
PRG,MUC,2026-10-28,£112,2025-12-09
CPH,ZRH,2026-06-21,£90,2025-12-09
PAR,BCN,2026-04-06,£84,2025-12-09
CPH,BER,2026-09-15,£35,2025-12-09
AMS,GLA,2026-03-20,£63,2025-12-09
MUC,EDI,2026-01-05,£114,2025-12-09
CPH,ZRH,2026-01-07,£104,2025-12-09
MUC,TLL,2025-12-10,£184,2025-12-09
ZRH,TLL,2026-09-26,£103,2025-12-09
CPH,BER,2025-12-26,£73,2025-12-09
AMS,EDI,2026-10-30,£103,2025-12-09
CPH,BCN,2026-10-05,£71,2025-12-09
CPH,AMS,2026-01-09,£42,2025-12-09
BCN,TLL,2026-07-22,£119,2025-12-09
DUB,MAD,2026-09-05,£82,2025-12-09
LON,GLA,2026-08-10,£55,2025-12-09
DUB,MAD,2026-01-14,£24,2025-12-09
BER,DUB,2026-10-18,£92,2025-12-09
AMS,TLL,2026-03-16,£120,2025-12-09
AMS,BCN,2026-02-27,£77,2025-12-09
BCN,ZRH,2025-12-23,£55,2025-12-09
PAR,MAD,2025-12-30,£105,2025-12-09
PRG,BCN,2026-06-13,£41,2025-12-09
PRG,DUB,2026-11-24,£47,2025-12-09
PAR,BCN,2026-05-31,£36,2025-12-09
LON,TLL,2025-12-28,£94,2025-12-09
VIE,MUC,2026-01-27,£93,2025-12-09
GLA,STO,2026-07-05,£147,2025-12-09
DUB,EDI,2026-10-23,£58,2025-12-09
MAD,TLL,2026-02-28,£107,2025-12-09
PRG,GLA,2026-06-29,£94,2025-12-09
DUB,TLL,2026-03-29,£79,2025-12-09
PAR,BER,2025-12-16,£49,2025-12-09
BER,EDI,2026-09-09,£51,2025-12-09
LON,EDI,2026-01-21,£19,2025-12-09
PRG,AMS,2025-12-26,£83,2025-12-09
ZRH,STO,2026-09-28,£94,2025-12-09
DUB,ZRH,2025-12-19,£110,2025-12-09
BCN,STO,2026-02-14,£24,2025-12-09
MUC,BCN,2026-08-15,£64,2025-12-09
CPH,LON,2026-03-18,£28,2025-12-09
PRG,LON,2026-04-17,£41,2025-12-09
VIE,BER,2026-04-12,£129,2025-12-09
MAD,BCN,2026-06-20,£41,2025-12-09
VIE,PRG,2026-01-17,£130,2025-12-09
VIE,STO,2026-03-17,£28,2025-12-09
BER,TLL,2026-03-19,£76,2025-12-09
DUB,ZRH,2026-08-10,£66,2025-12-09
CPH,ZRH,2026-02-17,£80,2025-12-09
LON,EDI,2026-09-10,£42,2025-12-09
VIE,EDI,2026-05-27,£91,2025-12-09
PAR,STO,2026-04-12,£124,2025-12-09
MUC,AMS,2026-10-27,£81,2025-12-09
LON,STO,2026-11-24,£34,2025-12-09
AMS,MAD,2025-12-23,£244,2025-12-09
CPH,TLL,2026-06-28,£51,2025-12-09
MUC,DUB,2026-08-20,£99,2025-12-09
BCN,ZRH,2026-02-09,£38,2025-12-09
BER,STO,2026-06-01,£88,2025-12-09
PAR,BER,2026-04-03,£64,2025-12-09
ZRH,TLL,2026-10-21,£108,2025-12-09
PRG,GLA,2026-02-28,£69,2025-12-09
VIE,ZRH,2026-05-03,£83,2025-12-09
MUC,EDI,2026-02-18,£106,2025-12-09
DUB,ZRH,2026-02-24,£46,2025-12-09
VIE,TLL,2026-09-23,£89,2025-12-09
PAR,LON,2026-09-15,£52,2025-12-09
ZRH,STO,2026-03-22,£84,2025-12-09
VIE,MAD,2026-03-29,£85,2025-12-09
BCN,STO,2026-01-17,£50,2025-12-09
MUC,MAD,2026-09-01,£110,2025-12-09
MUC,BER,2026-05-18,£77,2025-12-09
BCN,GLA,2025-12-15,£58,2025-12-09
BCN,EDI,2026-10-15,£80,2025-12-09
PAR,TLL,2026-03-21,£62,2025-12-09
VIE,PAR,2026-01-08,£57,2025-12-09
BER,AMS,2025-12-26,£141,2025-12-09
MUC,ZRH,2025-12-19,£155,2025-12-09
CPH,TLL,2026-05-26,£54,2025-12-09
CPH,MUC,2026-09-18,£93,2025-12-09
BCN,ZRH,2026-05-11,£63,2025-12-09
AMS,EDI,2026-03-09,£63,2025-12-09
CPH,GLA,2026-08-12,£93,2025-12-09
GLA,STO,2026-09-16,£118,2025-12-09
BCN,ZRH,2026-04-18,£50,2025-12-09
BER,BCN,2026-10-01,£33,2025-12-09
CPH,PAR,2026-02-13,£33,2025-12-09
VIE,EDI,2026-04-30,£94,2025-12-09
MAD,BCN,2026-05-16,£67,2025-12-09
MUC,EDI,2026-08-01,£124,2025-12-09
BER,AMS,2026-03-29,£125,2025-12-09
CPH,LON,2026-11-02,£47,2025-12-09
CPH,MUC,2026-02-05,£91,2025-12-09
BER,BCN,2026-09-27,£86,2025-12-09
BER,ZRH,2026-01-25,£62,2025-12-09
MUC,STO,2026-07-13,£107,2025-12-09
PRG,EDI,2026-09-15,£57,2025-12-09
GLA,STO,2026-05-29,£245,2025-12-09
PRG,BCN,2026-07-30,£55,2025-12-09
DUB,STO,2026-06-05,£62,2025-12-09
PRG,LON,2026-10-19,£27,2025-12-09
VIE,BCN,2026-05-10,£49,2025-12-09
VIE,LON,2026-05-21,£47,2025-12-09
EDI,GLA,2026-07-24,£87,2025-12-09
STO,TLL,2026-11-13,£71,2025-12-09
PAR,GLA,2026-01-19,£47,2025-12-09
PRG,MAD,2026-08-29,£79,2025-12-09
GLA,TLL,2026-09-29,£111,2025-12-09
VIE,MAD,2026-07-11,£86,2025-12-09
PAR,GLA,2025-12-28,£142,2025-12-09
DUB,LON,2026-08-27,£40,2025-12-09
AMS,STO,2026-02-09,£62,2025-12-09
CPH,DUB,2026-01-14,£21,2025-12-09
VIE,AMS,2026-02-27,£93,2025-12-09
VIE,LON,2025-12-13,£30,2025-12-09
ZRH,EDI,2026-09-05,£65,2025-12-09
VIE,MAD,2026-01-30,£106,2025-12-09
MUC,BER,2026-07-30,£76,2025-12-09
PRG,CPH,2026-05-28,£36,2025-12-09
DUB,AMS,2026-01-20,£28,2025-12-09
PRG,ZRH,2026-01-19,£85,2025-12-09
PRG,TLL,2026-08-27,£69,2025-12-09
BER,DUB,2026-05-15,£66,2025-12-09
BCN,EDI,2026-01-07,£41,2025-12-09
PRG,BER,2026-09-02,£86,2025-12-09
DUB,EDI,2026-07-21,£24,2025-12-09
CPH,ZRH,2026-03-29,£111,2025-12-09
CPH,DUB,2026-03-31,£69,2025-12-09
PRG,PAR,2026-08-01,£51,2025-12-09
MUC,TLL,2026-04-23,£87,2025-12-09
BER,DUB,2026-03-05,£36,2025-12-09
BER,ZRH,2026-05-01,£44,2025-12-09
ZRH,LON,2025-12-16,£54,2025-12-09
LON,STO,2026-02-18,£55,2025-12-09
BER,TLL,2026-05-23,£75,2025-12-09
VIE,AMS,2026-01-11,£73,2025-12-09
PRG,CPH,2026-06-19,£34,2025-12-09
BCN,EDI,2026-04-11,£94,2025-12-09
PRG,AMS,2026-10-14,£48,2025-12-09
PRG,AMS,2026-08-30,£74,2025-12-09
DUB,EDI,2026-02-07,£18,2025-12-09
PAR,LON,2026-01-03,£99,2025-12-09
DUB,STO,2026-04-25,£64,2025-12-09
PAR,DUB,2026-08-10,£97,2025-12-09
PAR,BCN,2026-07-19,£63,2025-12-09
PAR,GLA,2026-05-01,£93,2025-12-09
PAR,MUC,2026-01-09,£68,2025-12-09
GLA,STO,2026-04-16,£118,2025-12-09
DUB,BCN,2026-02-05,£36,2025-12-09
MAD,EDI,2026-09-27,£84,2025-12-09
ZRH,TLL,2026-01-28,£94,2025-12-09
MAD,BCN,2026-03-05,£41,2025-12-09
BER,MAD,2026-05-09,£87,2025-12-09
VIE,STO,2026-10-04,£57,2025-12-09
BER,LON,2026-01-31,£37,2025-12-09
PAR,MAD,2026-05-01,£73,2025-12-09
BER,ZRH,2026-03-07,£49,2025-12-09
DUB,STO,2026-01-03,£95,2025-12-09
DUB,MAD,2026-08-31,£69,2025-12-09
CPH,BER,2026-03-25,£37,2025-12-09
BCN,ZRH,2026-01-22,£29,2025-12-09
MUC,AMS,2026-02-17,£80,2025-12-09
BER,MAD,2026-08-21,£101,2025-12-09
VIE,MUC,2026-10-14,£63,2025-12-09
BER,ZRH,2025-12-24,£64,2025-12-09
PRG,GLA,2026-10-30,£114,2025-12-09
GLA,STO,2026-10-08,£118,2025-12-09
EDI,STO,2026-02-21,£91,2025-12-09
BER,STO,2026-08-27,£49,2025-12-09
VIE,BCN,2026-11-24,£40,2025-12-09
PRG,STO,2026-10-16,£44,2025-12-09
DUB,MAD,2026-05-08,£49,2025-12-09
ZRH,EDI,2026-08-06,£152,2025-12-09
VIE,PAR,2026-08-05,£61,2025-12-09
VIE,BCN,2026-02-05,£30,2025-12-09
MAD,EDI,2026-01-06,£94,2025-12-09
MUC,BER,2025-12-26,£78,2025-12-09
MAD,TLL,2026-11-25,£112,2025-12-09
CPH,PAR,2026-07-06,£90,2025-12-09
PRG,CPH,2026-02-14,£59,2025-12-09
BER,BCN,2026-07-09,£78,2025-12-09
MAD,LON,2026-01-11,£33,2025-12-09
DUB,ZRH,2026-11-14,£60,2025-12-09
EDI,TLL,2026-03-08,£66,2025-12-09
CPH,GLA,2026-04-01,£92,2025-12-09
VIE,CPH,2026-01-30,£27,2025-12-09
MUC,TLL,2026-06-21,£101,2025-12-09
EDI,STO,2026-09-02,£109,2025-12-09
VIE,DUB,2026-08-11,£67,2025-12-09
CPH,MUC,2026-05-25,£121,2025-12-09
PAR,DUB,2026-07-19,£49,2025-12-09
AMS,STO,2026-04-22,£82,2025-12-09
PAR,MUC,2026-07-16,£87,2025-12-09
PAR,MAD,2026-07-02,£53,2025-12-09
VIE,STO,2026-09-04,£75,2025-12-09
PRG,BCN,2026-05-13,£51,2025-12-09
STO,TLL,2026-04-06,£26,2025-12-09
EDI,STO,2026-08-24,£68,2025-12-09
MUC,MAD,2026-06-06,£98,2025-12-09
MUC,BCN,2026-03-12,£57,2025-12-09
AMS,ZRH,2026-03-08,£115,2025-12-09
MUC,GLA,2026-10-13,£103,2025-12-09
LON,EDI,2026-02-23,£17,2025-12-09
EDI,GLA,2026-05-09,£76,2025-12-09
ZRH,EDI,2026-07-13,£120,2025-12-09
LON,TLL,2026-08-19,£75,2025-12-09
CPH,MAD,2026-09-03,£71,2025-12-09
PRG,BCN,2026-11-22,£94,2025-12-09
DUB,TLL,2026-11-26,£97,2025-12-09
GLA,STO,2026-11-30,£113,2025-12-09
AMS,MAD,2026-06-05,£90,2025-12-09
PRG,MAD,2026-02-27,£54,2025-12-09
BER,EDI,2026-02-06,£20,2025-12-09
AMS,ZRH,2026-01-18,£140,2025-12-09
VIE,MUC,2026-08-09,£63,2025-12-09
AMS,BCN,2026-08-11,£74,2025-12-09
AMS,GLA,2026-11-02,£118,2025-12-09
VIE,TLL,2026-02-23,£69,2025-12-09
PRG,AMS,2026-07-18,£60,2025-12-09
DUB,LON,2025-12-15,£17,2025-12-09
ZRH,EDI,2026-04-21,£83,2025-12-09
MAD,GLA,2026-08-04,£88,2025-12-09
MUC,TLL,2026-09-17,£87,2025-12-09
CPH,STO,2026-05-20,£39,2025-12-09
CPH,MAD,2026-05-27,£54,2025-12-09
PRG,PAR,2026-03-23,£41,2025-12-09
PAR,ZRH,2026-04-26,£85,2025-12-09
PRG,PAR,2026-10-20,£18,2025-12-09
AMS,TLL,2026-10-14,£136,2025-12-09
LON,TLL,2026-02-27,£83,2025-12-09
MAD,ZRH,2026-03-13,£47,2025-12-09
PRG,MAD,2026-10-12,£74,2025-12-09
PAR,DUB,2026-05-07,£45,2025-12-09
BCN,TLL,2025-12-11,£117,2025-12-09
VIE,GLA,2026-08-04,£109,2025-12-09
AMS,TLL,2026-08-09,£129,2025-12-09
ZRH,LON,2026-07-22,£62,2025-12-09
MUC,BER,2026-03-20,£79,2025-12-09
PAR,ZRH,2026-06-17,£85,2025-12-09
MAD,STO,2026-05-25,£103,2025-12-09
PRG,DUB,2026-06-20,£71,2025-12-09
VIE,BER,2026-01-15,£69,2025-12-09
PAR,TLL,2026-01-19,£79,2025-12-09
LON,GLA,2026-04-17,£50,2025-12-09
EDI,STO,2026-03-13,£92,2025-12-09
VIE,ZRH,2026-06-29,£121,2025-12-09
BCN,EDI,2026-05-14,£55,2025-12-09
VIE,STO,2026-07-02,£89,2025-12-09
ZRH,EDI,2026-10-19,£152,2025-12-09
MAD,TLL,2025-12-29,£166,2025-12-09
GLA,TLL,2026-04-24,£114,2025-12-09
VIE,CPH,2026-05-21,£45,2025-12-09
BER,STO,2026-10-09,£70,2025-12-09
BER,TLL,2025-12-28,£134,2025-12-09
EDI,STO,2026-01-06,£109,2025-12-09
MUC,MAD,2025-12-09,£180,2025-12-09
CPH,BER,2026-04-05,£35,2025-12-09
BCN,GLA,2026-04-19,£96,2025-12-09
PAR,STO,2026-10-11,£105,2025-12-09
MUC,DUB,2025-12-09,£173,2025-12-09
GLA,STO,2026-01-27,£111,2025-12-09
CPH,EDI,2026-11-05,£76,2025-12-09
MAD,EDI,2025-12-20,£45,2025-12-09
ZRH,STO,2026-05-31,£107,2025-12-09
PAR,MUC,2026-06-11,£87,2025-12-09
AMS,GLA,2026-06-29,£97,2025-12-09
MUC,GLA,2025-12-11,£223,2025-12-09
PRG,LON,2026-09-20,£50,2025-12-09
MUC,TLL,2026-05-24,£126,2025-12-09
PRG,TLL,2025-12-22,£149,2025-12-09
BER,BCN,2026-02-04,£45,2025-12-09
CPH,ZRH,2026-05-13,£104,2025-12-09
PAR,DUB,2026-09-18,£45,2025-12-09
MAD,BCN,2026-02-03,£39,2025-12-09
MUC,DUB,2026-04-11,£105,2025-12-09
MUC,DUB,2026-10-07,£92,2025-12-09
PRG,MUC,2026-08-30,£86,2025-12-09
BER,STO,2026-02-14,£98,2025-12-09
CPH,AMS,2025-12-29,£101,2025-12-09
MUC,BCN,2026-01-13,£48,2025-12-09
CPH,STO,2026-10-08,£33,2025-12-09
PAR,MUC,2026-08-18,£64,2025-12-09
GLA,TLL,2025-12-22,£83,2025-12-09
PRG,DUB,2026-02-11,£43,2025-12-09
BCN,TLL,2026-02-28,£86,2025-12-09
MUC,BER,2026-01-12,£80,2025-12-09
EDI,STO,2026-07-02,£76,2025-12-09
LON,EDI,2026-04-05,£28,2025-12-09
PAR,GLA,2026-06-23,£75,2025-12-09
DUB,ZRH,2026-05-03,£100,2025-12-09
DUB,GLA,2026-02-11,£17,2025-12-09
VIE,AMS,2026-07-20,£94,2025-12-09
PAR,DUB,2026-10-19,£52,2025-12-09
PRG,BER,2026-11-17,£78,2025-12-09
BER,BCN,2026-04-04,£71,2025-12-09
STO,TLL,2026-03-04,£41,2025-12-09
MAD,GLA,2025-12-18,£52,2025-12-09
PAR,GLA,2026-08-27,£55,2025-12-09
AMS,MAD,2026-10-21,£83,2025-12-09
PRG,DUB,2026-10-05,£67,2025-12-09
DUB,EDI,2025-12-29,£35,2025-12-09
PAR,GLA,2026-09-05,£62,2025-12-09
BER,DUB,2026-09-10,£45,2025-12-09
AMS,EDI,2026-09-13,£94,2025-12-09
ZRH,GLA,2026-05-11,£93,2025-12-09
LON,STO,2026-03-19,£40,2025-12-09
VIE,BCN,2026-03-25,£28,2025-12-09
VIE,TLL,2026-05-26,£92,2025-12-09
AMS,EDI,2025-12-15,£81,2025-12-09
MUC,MAD,2026-02-13,£133,2025-12-09
DUB,AMS,2026-08-27,£41,2025-12-09
PAR,TLL,2026-09-28,£79,2025-12-09
BER,DUB,2025-12-13,£157,2025-12-09
EDI,GLA,2026-10-28,£200,2025-12-09
BER,LON,2026-10-28,£40,2025-12-09
VIE,ZRH,2026-10-12,£85,2025-12-09
PRG,MUC,2026-09-08,£80,2025-12-09
AMS,TLL,2026-01-21,£129,2025-12-09
BER,MAD,2026-04-09,£56,2025-12-09
MAD,ZRH,2026-09-20,£57,2025-12-09
BER,BCN,2026-01-14,£24,2025-12-09
VIE,PAR,2026-06-26,£67,2025-12-09
ZRH,STO,2026-07-04,£149,2025-12-09
BCN,TLL,2026-06-29,£99,2025-12-09
ZRH,GLA,2025-12-24,£141,2025-12-09
EDI,TLL,2026-09-09,£70,2025-12-09
DUB,GLA,2026-05-05,£26,2025-12-09
AMS,MAD,2026-03-16,£85,2025-12-09
CPH,STO,2026-08-10,£46,2025-12-09
PAR,MUC,2026-05-17,£91,2025-12-09
VIE,CPH,2026-02-23,£45,2025-12-09
BER,ZRH,2026-10-18,£81,2025-12-09
DUB,TLL,2025-12-21,£129,2025-12-09
PRG,TLL,2026-05-11,£73,2025-12-09
BER,TLL,2026-07-24,£85,2025-12-09
VIE,LON,2026-03-20,£35,2025-12-09
PAR,MAD,2026-08-24,£53,2025-12-09
DUB,BCN,2025-12-30,£99,2025-12-09
PRG,TLL,2026-03-31,£69,2025-12-09
VIE,CPH,2026-07-21,£45,2025-12-09
VIE,BER,2026-03-25,£70,2025-12-09
PAR,DUB,2026-11-27,£37,2025-12-09
PRG,LON,2026-01-08,£29,2025-12-09
VIE,MUC,2026-05-05,£90,2025-12-09
PRG,TLL,2026-02-17,£88,2025-12-09
MAD,BCN,2025-12-09,£65,2025-12-09
PAR,GLA,2026-02-12,£53,2025-12-09
MUC,TLL,2026-01-05,£115,2025-12-09
PAR,TLL,2026-08-14,£93,2025-12-09
VIE,PRG,2025-12-10,£182,2025-12-09
DUB,STO,2025-12-31,£91,2025-12-09
PAR,MUC,2026-11-07,£87,2025-12-09
DUB,ZRH,2026-10-22,£71,2025-12-09
MUC,STO,2026-02-18,£107,2025-12-09
CPH,DUB,2026-11-13,£61,2025-12-09
CPH,BCN,2026-02-04,£58,2025-12-09
MUC,BER,2026-04-22,£77,2025-12-09
DUB,EDI,2026-05-20,£24,2025-12-09
MUC,GLA,2026-09-18,£103,2025-12-09
MUC,MAD,2026-07-26,£96,2025-12-09
CPH,ZRH,2026-09-07,£100,2025-12-09
PAR,BER,2026-01-26,£47,2025-12-09
BCN,TLL,2026-11-15,£101,2025-12-09
CPH,LON,2026-01-31,£18,2025-12-09
PAR,ZRH,2026-01-01,£95,2025-12-09
CPH,STO,2026-01-18,£31,2025-12-09
PAR,ZRH,2026-07-13,£85,2025-12-09
PRG,ZRH,2026-07-14,£84,2025-12-09
VIE,EDI,2026-06-12,£43,2025-12-09
EDI,STO,2025-12-25,£61,2025-12-09
CPH,STO,2026-06-20,£33,2025-12-09
CPH,MAD,2026-07-03,£78,2025-12-09
MUC,MAD,2026-05-29,£91,2025-12-09
VIE,MAD,2026-11-09,£101,2025-12-09
ZRH,GLA,2026-07-02,£107,2025-12-09
AMS,ZRH,2026-08-12,£122,2025-12-09
MUC,AMS,2026-11-30,£82,2025-12-09
VIE,AMS,2026-04-15,£72,2025-12-09
ZRH,TLL,2026-08-30,£108,2025-12-09
AMS,EDI,2026-07-24,£90,2025-12-09
MUC,EDI,2026-07-24,£100,2025-12-09
CPH,GLA,2026-10-25,£96,2025-12-09
BCN,LON,2025-12-29,£72,2025-12-09
ZRH,GLA,2026-11-12,£91,2025-12-09
LON,EDI,2026-03-24,£21,2025-12-09
DUB,GLA,2026-06-23,£28,2025-12-09
STO,TLL,2026-10-06,£23,2025-12-09
PAR,DUB,2026-04-22,£39,2025-12-09
CPH,PAR,2026-06-14,£57,2025-12-09
PAR,BER,2026-02-07,£49,2025-12-09
DUB,MAD,2026-11-24,£28,2025-12-09
VIE,EDI,2026-02-20,£81,2025-12-09
PAR,TLL,2026-04-22,£79,2025-12-09
PAR,TLL,2026-05-26,£89,2025-12-09
CPH,TLL,2026-10-14,£51,2025-12-09
PAR,STO,2026-01-19,£26,2025-12-09
MUC,STO,2026-11-19,£97,2025-12-09
MUC,GLA,2026-08-26,£103,2025-12-09
DUB,STO,2026-09-28,£79,2025-12-09
BCN,TLL,2026-03-13,£63,2025-12-09
AMS,BCN,2026-01-04,£73,2025-12-09
BER,LON,2026-05-05,£51,2025-12-09
AMS,STO,2026-10-31,£149,2025-12-09
BCN,TLL,2026-05-02,£109,2025-12-09
AMS,LON,2026-04-18,£74,2025-12-09
ZRH,TLL,2026-04-20,£113,2025-12-09
VIE,EDI,2026-01-18,£81,2025-12-09
MUC,BCN,2026-11-12,£86,2025-12-09
BCN,GLA,2026-08-22,£71,2025-12-09
VIE,LON,2026-06-14,£81,2025-12-09
GLA,TLL,2026-03-20,£99,2025-12-09
PRG,AMS,2026-09-26,£68,2025-12-09
MUC,AMS,2026-08-22,£80,2025-12-09
DUB,LON,2026-06-28,£69,2025-12-09
VIE,ZRH,2026-11-14,£91,2025-12-09
EDI,GLA,2025-12-26,£221,2025-12-09
DUB,GLA,2026-03-22,£32,2025-12-09
PAR,STO,2026-06-17,£49,2025-12-09
VIE,ZRH,2026-07-01,£99,2025-12-09
EDI,TLL,2026-05-01,£119,2025-12-09
MAD,GLA,2026-05-08,£69,2025-12-09
GLA,STO,2025-12-31,£142,2025-12-09
BER,STO,2026-05-24,£105,2025-12-09
MAD,TLL,2026-10-16,£110,2025-12-09
VIE,AMS,2026-10-13,£94,2025-12-09
PAR,ZRH,2025-12-29,£104,2025-12-09
VIE,DUB,2026-01-19,£50,2025-12-09
EDI,TLL,2026-04-11,£144,2025-12-09
VIE,GLA,2026-04-10,£109,2025-12-09
CPH,AMS,2026-06-12,£49,2025-12-09
DUB,BCN,2026-09-20,£47,2025-12-09
VIE,CPH,2026-08-04,£86,2025-12-09
CPH,ZRH,2026-11-12,£129,2025-12-09
PAR,EDI,2025-12-26,£164,2025-12-09
EDI,STO,2026-05-10,£86,2025-12-09
CPH,BCN,2026-03-29,£106,2025-12-09
VIE,PRG,2026-09-10,£83,2025-12-09
CPH,STO,2026-04-22,£32,2025-12-09
BER,GLA,2026-02-14,£88,2025-12-09
VIE,GLA,2025-12-25,£179,2025-12-09
MUC,LON,2026-08-26,£76,2025-12-09
MUC,ZRH,2026-06-17,£103,2025-12-09
BER,DUB,2026-07-21,£79,2025-12-09
BER,BCN,2026-08-04,£68,2025-12-09
VIE,PAR,2026-10-09,£50,2025-12-09
ZRH,GLA,2026-08-08,£105,2025-12-09
GLA,TLL,2026-01-21,£114,2025-12-09
DUB,TLL,2026-09-28,£58,2025-12-09
MAD,EDI,2026-05-21,£74,2025-12-09
VIE,MAD,2026-06-14,£81,2025-12-09
PAR,STO,2026-07-31,£108,2025-12-09
BCN,STO,2025-12-14,£59,2025-12-09
PRG,MUC,2026-01-29,£112,2025-12-09
BER,LON,2026-11-19,£40,2025-12-09
BCN,EDI,2026-09-09,£57,2025-12-09
PAR,MUC,2025-12-21,£112,2025-12-09
VIE,ZRH,2026-09-17,£84,2025-12-09
VIE,PRG,2026-03-07,£105,2025-12-09
CPH,AMS,2026-04-26,£55,2025-12-09
VIE,DUB,2026-04-26,£52,2025-12-09
VIE,EDI,2026-11-30,£85,2025-12-09
MAD,GLA,2026-03-27,£116,2025-12-09
MUC,AMS,2026-06-26,£80,2025-12-09
MUC,ZRH,2026-08-18,£104,2025-12-09
MUC,DUB,2026-09-14,£105,2025-12-09
MUC,STO,2026-06-19,£105,2025-12-09
MUC,DUB,2026-05-17,£105,2025-12-09
VIE,MAD,2026-08-18,£71,2025-12-09
PAR,EDI,2026-06-21,£67,2025-12-09
LON,GLA,2026-02-03,£33,2025-12-09
CPH,AMS,2026-08-20,£55,2025-12-09
CPH,GLA,2025-12-22,£163,2025-12-09
BCN,LON,2026-08-23,£49,2025-12-09
ZRH,LON,2026-04-17,£86,2025-12-09
PRG,MUC,2026-11-11,£114,2025-12-09
MAD,EDI,2026-03-17,£35,2025-12-09
CPH,AMS,2026-11-18,£72,2025-12-09
PRG,BER,2026-02-04,£66,2025-12-09
VIE,BER,2026-06-14,£108,2025-12-09
PAR,ZRH,2026-09-25,£86,2025-12-09
CPH,GLA,2026-06-23,£86,2025-12-09
LON,TLL,2026-06-29,£53,2025-12-09
DUB,TLL,2026-07-16,£133,2025-12-09
DUB,EDI,2026-08-04,£30,2025-12-09
VIE,CPH,2026-09-02,£68,2025-12-09
ZRH,STO,2026-02-26,£95,2025-12-09
MAD,ZRH,2026-11-21,£52,2025-12-09
AMS,BCN,2026-11-11,£89,2025-12-09
BER,DUB,2026-08-28,£72,2025-12-09
BCN,EDI,2026-02-10,£39,2025-12-09
VIE,TLL,2026-08-17,£90,2025-12-09
PAR,DUB,2026-01-25,£19,2025-12-09
EDI,GLA,2026-03-31,£68,2025-12-09
CPH,TLL,2026-02-28,£60,2025-12-09
PRG,CPH,2026-01-25,£57,2025-12-09
PRG,BER,2026-01-16,£60,2025-12-09
PAR,GLA,2026-10-04,£69,2025-12-09
BER,MAD,2026-03-11,£42,2025-12-09
MUC,LON,2026-05-25,£67,2025-12-09
EDI,STO,2026-04-28,£105,2025-12-09
EDI,GLA,2026-11-04,£111,2025-12-09
VIE,LON,2026-01-08,£26,2025-12-09
PRG,BER,2026-05-31,£93,2025-12-09
BER,GLA,2026-05-29,£90,2025-12-09
PRG,STO,2026-06-11,£55,2025-12-09
BCN,STO,2026-05-04,£111,2025-12-09
MAD,ZRH,2026-10-19,£49,2025-12-09
MAD,LON,2026-11-28,£31,2025-12-09
BER,LON,2026-09-03,£53,2025-12-09
BER,STO,2026-04-04,£88,2025-12-09
MAD,LON,2026-02-05,£32,2025-12-09
VIE,STO,2026-01-03,£236,2025-12-09
BER,BCN,2026-11-22,£63,2025-12-09
CPH,PAR,2026-04-11,£48,2025-12-09
CPH,MAD,2026-04-07,£59,2025-12-09
ZRH,TLL,2026-02-10,£95,2025-12-09
CPH,ZRH,2025-12-12,£189,2025-12-09
MUC,MAD,2026-10-08,£90,2025-12-09
AMS,GLA,2026-05-30,£123,2025-12-09
BER,EDI,2026-03-03,£33,2025-12-09
AMS,ZRH,2026-07-10,£134,2025-12-09
PRG,EDI,2026-11-27,£74,2025-12-09
MUC,BCN,2026-06-24,£37,2025-12-09
CPH,TLL,2025-12-15,£97,2025-12-09
LON,TLL,2026-09-27,£33,2025-12-09
VIE,PRG,2026-02-27,£86,2025-12-09
AMS,ZRH,2026-11-17,£129,2025-12-09
EDI,TLL,2026-01-11,£74,2025-12-09
MUC,GLA,2026-02-02,£96,2025-12-09
VIE,BER,2026-09-01,£100,2025-12-09
PRG,EDI,2026-04-30,£86,2025-12-09
GLA,TLL,2026-10-15,£83,2025-12-09
VIE,MAD,2025-12-25,£255,2025-12-09
VIE,CPH,2025-12-21,£55,2025-12-09
DUB,STO,2026-08-04,£80,2025-12-09
PAR,LON,2026-07-08,£54,2025-12-09
LON,TLL,2026-04-30,£62,2025-12-09
CPH,TLL,2026-09-12,£63,2025-12-09
BER,BCN,2026-05-01,£50,2025-12-09
VIE,STO,2026-06-02,£52,2025-12-09
AMS,LON,2026-02-24,£62,2025-12-09
CPH,BER,2026-01-10,£64,2025-12-09
MUC,BCN,2026-04-17,£48,2025-12-09
CPH,PAR,2026-11-28,£85,2025-12-09
MUC,STO,2026-08-25,£100,2025-12-09
DUB,ZRH,2026-03-16,£46,2025-12-09
BER,DUB,2026-06-01,£87,2025-12-09
PRG,CPH,2026-08-04,£50,2025-12-09
PAR,LON,2026-08-18,£47,2025-12-09
ZRH,LON,2026-10-10,£65,2025-12-09
BER,MAD,2026-11-15,£85,2025-12-09
BER,MAD,2026-01-18,£42,2025-12-09
ZRH,GLA,2026-09-12,£100,2025-12-09
DUB,ZRH,2026-06-03,£75,2025-12-09
BER,ZRH,2026-11-02,£62,2025-12-09
AMS,ZRH,2026-10-29,£118,2025-12-09
PRG,BER,2026-08-21,£84,2025-12-09
VIE,BER,2026-05-06,£95,2025-12-09
CPH,MUC,2026-03-23,£91,2025-12-09
CPH,LON,2026-09-03,£48,2025-12-09
GLA,TLL,2026-11-21,£153,2025-12-09
EDI,TLL,2026-10-07,£77,2025-12-09
PRG,GLA,2026-03-11,£59,2025-12-09
CPH,MUC,2026-10-20,£92,2025-12-09
PAR,STO,2026-05-12,£67,2025-12-09
STO,TLL,2026-01-25,£43,2025-12-09
MUC,STO,2026-10-30,£105,2025-12-09
AMS,GLA,2026-02-05,£64,2025-12-09
DUB,STO,2026-07-16,£89,2025-12-09
VIE,MUC,2026-06-25,£64,2025-12-09
DUB,EDI,2026-03-16,£30,2025-12-09
BCN,STO,2026-11-06,£79,2025-12-09
BER,DUB,2026-04-04,£47,2025-12-09
AMS,MAD,2026-02-08,£122,2025-12-09
DUB,MAD,2026-06-23,£48,2025-12-09
LON,EDI,2026-05-15,£25,2025-12-09
BER,MAD,2026-02-18,£78,2025-12-09
DUB,AMS,2026-10-09,£56,2025-12-09
BER,GLA,2026-01-28,£116,2025-12-09
VIE,MUC,2026-02-01,£93,2025-12-09
LON,STO,2026-01-22,£20,2025-12-09
GLA,TLL,2026-08-30,£140,2025-12-09
AMS,MAD,2026-04-19,£123,2025-12-09
MUC,DUB,2026-07-28,£99,2025-12-09
MUC,AMS,2025-12-10,£129,2025-12-09
MUC,ZRH,2026-01-24,£136,2025-12-09
PRG,BCN,2026-04-30,£57,2025-12-09
VIE,MUC,2026-03-27,£129,2025-12-09
VIE,PAR,2026-02-24,£49,2025-12-09
PRG,BER,2026-07-25,£86,2025-12-09
ZRH,STO,2026-04-22,£103,2025-12-09
CPH,DUB,2026-04-14,£42,2025-12-09
DUB,ZRH,2026-04-11,£78,2025-12-09
VIE,LON,2026-07-29,£51,2025-12-09
MUC,AMS,2026-01-14,£80,2025-12-09
MUC,LON,2026-01-19,£90,2025-12-09
VIE,DUB,2025-12-27,£124,2025-12-09
CPH,BER,2026-08-10,£35,2025-12-09
GLA,TLL,2026-07-20,£149,2025-12-09
BER,AMS,2026-06-22,£54,2025-12-09
CPH,TLL,2026-03-02,£42,2025-12-09
PAR,AMS,2026-10-23,£45,2025-12-09
EDI,TLL,2026-07-20,£187,2025-12-09
BCN,GLA,2026-07-27,£93,2025-12-09
VIE,MAD,2026-04-13,£71,2025-12-09
VIE,AMS,2026-06-04,£98,2025-12-09
MUC,LON,2026-02-25,£46,2025-12-09
DUB,STO,2026-02-26,£36,2025-12-09
PAR,MAD,2026-06-26,£71,2025-12-09
DUB,BCN,2026-03-18,£107,2025-12-09
MUC,MAD,2026-08-24,£85,2025-12-09
MAD,BCN,2026-01-14,£34,2025-12-09
PRG,STO,2025-12-16,£117,2025-12-09
AMS,LON,2026-01-05,£67,2025-12-09
PRG,LON,2026-03-03,£29,2025-12-09
AMS,STO,2026-11-07,£141,2025-12-09
PRG,BER,2026-06-04,£53,2025-12-09
DUB,TLL,2026-06-20,£149,2025-12-09
DUB,EDI,2026-11-27,£64,2025-12-09
BCN,STO,2026-10-01,£39,2025-12-09
PAR,MAD,2026-02-21,£54,2025-12-09
BCN,LON,2026-02-07,£20,2025-12-09
CPH,MAD,2026-02-14,£48,2025-12-09
DUB,EDI,2026-06-11,£29,2025-12-09
MUC,ZRH,2026-03-23,£87,2025-12-09
PRG,MUC,2025-12-26,£150,2025-12-09
STO,TLL,2026-09-26,£35,2025-12-09
MUC,GLA,2026-01-04,£341,2025-12-09
VIE,BER,2026-02-14,£78,2025-12-09
LON,EDI,2026-07-04,£30,2025-12-09
PRG,DUB,2026-09-04,£75,2025-12-09
DUB,BCN,2026-04-28,£48,2025-12-09
AMS,EDI,2026-08-20,£92,2025-12-09
DUB,MAD,2025-12-19,£112,2025-12-09
PRG,TLL,2026-10-14,£82,2025-12-09
MUC,STO,2026-05-18,£115,2025-12-09
ZRH,LON,2026-08-13,£64,2025-12-09
BCN,EDI,2026-07-03,£88,2025-12-09
DUB,LON,2026-04-12,£28,2025-12-09
BER,GLA,2025-12-29,£248,2025-12-09
BER,TLL,2026-09-08,£31,2025-12-09
BCN,TLL,2026-09-22,£77,2025-12-09
PAR,ZRH,2026-11-03,£81,2025-12-09
CPH,TLL,2026-11-13,£51,2025-12-09
BCN,LON,2026-03-27,£30,2025-12-09
PAR,LON,2025-12-14,£55,2025-12-09
AMS,STO,2026-01-23,£99,2025-12-09
MUC,ZRH,2026-02-19,£136,2025-12-09
PAR,LON,2026-10-03,£55,2025-12-09
CPH,PAR,2026-09-01,£46,2025-12-09
CPH,DUB,2026-05-01,£67,2025-12-09
AMS,LON,2026-06-21,£90,2025-12-09
DUB,AMS,2026-03-06,£43,2025-12-09
CPH,ZRH,2026-04-18,£103,2025-12-09
LON,GLA,2026-05-23,£76,2025-12-09
EDI,TLL,2026-08-04,£136,2025-12-09
ZRH,STO,2026-01-13,£108,2025-12-09
MUC,TLL,2026-02-25,£140,2025-12-09
AMS,ZRH,2025-12-20,£247,2025-12-09
AMS,EDI,2026-11-17,£95,2025-12-09
AMS,TLL,2026-06-25,£137,2025-12-09
CPH,EDI,2026-06-30,£50,2025-12-09
PRG,ZRH,2026-06-14,£84,2025-12-09
PAR,STO,2026-08-04,£102,2025-12-09
MUC,BCN,2026-07-04,£70,2025-12-09
ZRH,LON,2026-01-21,£64,2025-12-09
VIE,BCN,2025-12-15,£31,2025-12-09
BCN,ZRH,2026-06-17,£49,2025-12-09
GLA,TLL,2026-05-06,£127,2025-12-09
VIE,STO,2026-02-13,£25,2025-12-09
LON,EDI,2026-10-18,£31,2025-12-09
